{"cameraMode":{"drawMode":0,"name":"Shaded","section":"Shading Mode"},"sceneLighting":false,"audioPlay":false,"sceneViewState":{"showFog":true,"showMaterialUpdate":false,"showSkybox":false,"showFlares":true,"showImageEffects":true,"showParticleSystems":true},"in2DMode":false,"pivot":{"x":8.890775680541993,"y":5.547499179840088,"z":-20.13725471496582},"rotation":{"x":0.08557668328285217,"y":0.7713644504547119,"z":-0.10619351267814636,"w":0.6216080188751221},"size":11.622993469238282,"orthographic":false}