{"cameraMode":{"drawMode":0,"name":"Shaded","section":"Shading Mode"},"sceneLighting":true,"audioPlay":false,"sceneViewState":{"showFog":true,"showMaterialUpdate":false,"showSkybox":true,"showFlares":true,"showImageEffects":true,"showParticleSystems":true},"in2DMode":false,"pivot":{"x":-28.906063079833986,"y":-20.287572860717775,"z":-17.80498504638672},"rotation":{"x":-0.09215337038040161,"y":-0.6572852730751038,"z":0.08146411925554276,"w":-0.743537187576294},"size":71.98172760009766,"orthographic":false}